Name,Hash,Id,Tag,Tier,Type,Source,Power,Dmg,Masterwork Type,Masterwork Tier,Owner,Locked,Equipped,Year,Season,Event,DTR Rating,# of Reviews,Recoil,AA,Impact,Range,Stability,ROF,Reload,Mag,Equip,Charge Time,Draw Time,Accuracy,Notes,Perks 0,Perks 1,Perks 2,Perks 3,Perks 4,Perks 5,Perks 6,Perks 7,Perks 8,Perks 9,Perks 10,Perks 11,Perks 12,Perks 13
The Huckleberry,2286143274,"""6917529095680493737""",,Exotic,Submachine Gun,,750,Kinetic,,,Warlock(750),true,false,1,3,,4.7,152,100,49,22,58,56,750,10,37,87,0,0,0,,Ride the Bull*,Fluted Barrel*,Ricochet Rounds*,Rampage*,Short-Action Stock*,Huckleberry Catalyst*,,,,,,,,
Tigerspite,640114618,"""6917529097397464234""",,Legendary,Auto Rifle,dreaming,731,Kinetic,Handling,2,Warlock(750),false,false,2,4,,4.4,23,68,44,29,66,47,450,28,39,57,0,0,0,,Precision Frame*,Arrowhead Brake*,Chambered Compensator,Extended Mag*,Armor-Piercing Rounds,Dynamic Sway Reduction*,Under Pressure*,Burnished Dreams*,Tier 2 Weapon*,,,,,
Wish-Ender,814876684,"""6917529097069358925""",,Exotic,Combat Bow,,750,Kinetic,,,Warlock(750),false,false,2,4,,2,49,60,51,92,0,86,0,37,0,46,0,920,90,,Queen's Wrath*,High Tension String*,Anti-Taken Fletching*,Broadhead*,Author of Devastation*,,,,,,,,,
Outbreak Perfected,400096939,"""6917529094797754591""",,Exotic,Pulse Rifle,,750,Kinetic,,,Warlock(750),true,false,2,6,,4.9,347,80,65,27,68,46,450,50,34,42,0,0,0,,The Corruption Spreads*,Extended Barrel*,Accurized Rounds*,Outlaw*,Parasitism*,Pandemic*,Tracker Disabled,Kill Tracker*,Crucible Tracker,Outbreak Perfected Catalyst*,,,,
Minimum Distance,1911843789,"""6917529097364036764""",,Legendary,Sidearm,edz,731,Kinetic,,,Warlock(750),false,false,1,1,,4.1,8,93,84,51,50,72,260,29,9,50,0,0,0,,Precision Frame*,Control SAS*,Shortspec SAS,Steady Rounds*,Accurized Rounds,Opening Shot*,Masterwork Upgrade*,,,,,,,
Austringer,2429822977,"""6917529097119374916""",,Legendary,Hand Cannon,calus,750,Kinetic,Range,3,Warlock(750),false,false,2,7,,4.8,247,95,75,84,59,68,140,33,14,57,0,0,0,,Adaptive Frame*,Corkscrew Rifling*,Fluted Barrel,Appended Mag,Extended Mag*,Eye of the Storm*,Underdog*,Shadow Gilt*,Tier 3 Weapon*,,,,,
Bad Juju,2816212794,"""6917529096471405189""",,Exotic,Pulse Rifle,calus,750,Kinetic,,,Warlock(750),true,false,2,7,,4.5,278,85,60,27,46,79,450,52,27,60,0,0,0,,String of Curses*,Hammer-Forged Rifling*,Steady Rounds*,Hip-Fire Grip*,Short-Action Stock*,Aurelian Decree*,Tracker Disabled,Kill Tracker*,Crucible Tracker,Bad Juju Catalyst*,,,,
Fighting Lion,3549153978,"""6917529094988880748""",,Exotic,Grenade Launcher,,719,Void,Reload Speed,10,Warlock(750),false,false,1,1,,4.6,82,60,80,0,0,78,72,82,1,100,0,0,0,,Delayed Gratification*,Countermass*,Implosion Rounds*,Thin the Herd*,Short-Action Stock*,Fighting Lion Catalyst*,,,,,,,,
Riskrunner,3089417789,"""6917529094914440482""",,Exotic,Submachine Gun,,750,Arc,Range,10,Warlock(750),false,false,1,1,,5,44,94,50,20,82,60,900,24,41,74,0,0,0,,Arc Conductor*,Arrowhead Brake*,Extended Mag*,Superconductor*,Short-Action Stock*,Riskrunner Catalyst*,Upgrade Masterwork,,,,,,,
Arsenic Bite-4b,720351795,"""6917529097456091734""",,Legendary,Combat Bow,,732,Arc,Stability,1,Warlock(750),false,false,2,4,,4.8,11,51,81,68,0,68,0,64,0,78,0,680,52,,Lightweight Frame*,Agile Bowstring*,Flexible String,Compact Arrow Shaft*,Straight Fletching,Dragonfly*,Sneak Bow*,Distant Earth*,Tier 1 Weapon*,,,,,
Loaded Question,580961571,"""6917529095376259621""",,Legendary,Fusion Rifle,strikes,750,Arc,Stability,10,Warlock(750),true,false,2,5,,4.8,169,77,66,95,62,42,0,10,7,42,860,0,0,,High-Impact Frame*,Red Dot 2 MOA*,Ionized Battery*,Auto-Loading Holster*,Reservoir Burst*,Mercury Vex Chrome*,Masterwork*,Tracker Disabled,Kill Tracker*,Crucible Tracker,,,,
Waking Vigil,334171687,"""6917529097367471922""",,Legendary,Hand Cannon,dreaming,734,Arc,Range,4,Warlock(750),false,false,2,4,,5,23,98,85,80,42,49,150,60,12,80,0,0,0,,Lightweight Frame*,Fastdraw HCS*,HitMark HCS,Alloy Magazine*,Appended Mag,Zen Moment*,Snapshot Sights*,Burnished Dreams*,Tier 4 Weapon*,,,,,
Hammerhead,603242241,"""6917529094360549044""",,Legendary,Machine Gun,blackarmory,750,Void,Reload Speed,10,Warlock(750),true,false,2,5,,5,73,75,90,41,78,64,450,73,60,40,0,0,0,,Adaptive Frame*,Extended Barrel,Hammer-Forged Rifling*,Alloy Magazine,High-Caliber Rounds*,Dynamic Sway Reduction*,Genesis*,New Age Black Armory*,Boss Spec*,Masterwork*,Tracker Disabled,Kill Tracker*,Crucible Tracker,Base Radiance*
Truth,1201830623,"""6917529095813216862""",,Exotic,Rocket Launcher,,750,Void,,,Warlock(750),false,false,2,7,,4.2,194,60,73,0,0,70,15,54,1,68,0,0,0,,Prototype Trueseeker*,Volatile Launch*,High-Velocity Rounds*,Grenades and Horseshoes*,Composite Stock*,,,,,,,,,
D.A.R.C.I.,3141979346,"""6917529096770059857""",,Exotic,Sniper Rifle,,730,Arc,Stability,10,Warlock(750),false,false,1,1,,4.9,36,100,60,55,46,96,140,46,7,82,0,0,0,,Personal Assistant*,Extended Barrel*,Extended Mag*,Target Acquired*,Short-Action Stock*,Mind of Its Own*,D.A.R.C.I. Catalyst*,,,,,,,
Anarchy,2376481550,"""6917529096933906690""",,Exotic,Grenade Launcher,,750,Arc,,,Warlock(750),false,false,2,5,,4.9,37,50,69,0,0,68,150,76,6,81,0,0,0,,Arc Traps*,Quick Launch*,High-Velocity Rounds*,Moving Target*,Composite Stock*,,,,,,,,,
Sleeper Simulant,4036115577,"""6917529076012939956""",,Exotic,Linear Fusion Rifle,,750,Solar,,,Warlock(750),true,false,1,3,,1,74,65,57,41,63,59,0,50,4,46,1024,0,0,,Dornröschen*,Polygonal Rifling*,Flared Magwell*,Moving Target*,Composite Stock*,Hypnopompic*,Sleeper Simulant Catalyst*,,,,,,,
The Queenbreaker,2044500762,"""6917529097373784272""",,Exotic,Linear Fusion Rifle,,750,Arc,,,Warlock(750),false,false,2,4,,1,33,60,60,41,68,91,0,64,6,42,633,0,0,,Wire Rifle*,Marksman Sights*,Combat Sights,Enhanced Battery*,Hip-Fire Grip,Quickdraw*,Fitted Stock*,,,,,,,
Acantha-D XK8434,1757129747,"""6917529097425956757""",,Legendary,Grenade Launcher,blackarmory,729,Arc,Handling,3,Warlock(750),false,false,2,5,,5,14,80,25,0,0,28,150,36,4,29,0,0,0,,Aggressive Frame*,Volatile Launch*,Linear Compensator,High-Explosive Ordnance*,High-Velocity Rounds,Snapshot Sights*,Rampage*,Refurbished Black Armory*,Tier 3 Weapon*,,,,,
Outrageous Fortune,4146702548,"""6917529095682976182""",,Legendary,Grenade Launcher,strikes,750,Solar,Velocity,3,Warlock(750),true,false,2,4,,4.4,42,57,30,0,0,36,150,28,5,32,0,0,0,,Aggressive Frame*,Confined Launch,Hard Launch*,Spike Grenades*,Sticky Grenades,Threat Detector*,Ambitious Assassin*,Vanguard Veteran*,Tier 3 Weapon*,,,,,
Breakneck,324382200,"""6917529097119375758""",,Legendary,Auto Rifle,gambit,750,Kinetic,Range,10,Warlock(750),false,true,2,5,,4.4,180,80,44,29,77,60,450,33,40,43,0,0,0,,Precision Frame*,Polygonal Rifling*,Extended Mag*,Rampage*,Onslaught*,Atmospheric Glow*,Rampage Spec*,Masterwork*,Tracker Disabled,Kill Tracker*,Crucible Tracker,,,
IKELOS_SG_v1.0.1,1887808042,"""6917529061383752692""",,Legendary,Shotgun,ep,750,Solar,Reload Speed,10,Warlock(750),true,true,1,3,,4.9,86,69,72,65,50,43,140,83,8,50,0,0,0,,Rapid-Fire Frame*,Rifled Barrel,Hammer-Forged Rifling*,Polygonal Rifling,Trench Barrel*,Tactical Mag*,Moving Target,Threat Detector*,Monochromatic*,Masterwork Weapon*,,,,
Wendigo GL3,578459533,"""6917529097343573784""",,Legendary,Grenade Launcher,strikes,750,Arc,Velocity,10,Warlock(750),false,true,2,7,,4.6,177,78,66,0,0,53,120,51,6,56,0,0,0,,Adaptive Frame*,Smart Drift Control*,Blinding Grenades*,Auto-Loading Holster*,Explosive Light*,Mercurian Sunrise*,Boss Spec*,Masterwork*,Tracker Disabled,Kill Tracker*,Crucible Tracker,,,
Le Monarque,3588934839,"""6917529095290066680""",,Exotic,Combat Bow,blackarmory,748,Void,,,Titan(641),false,false,2,5,,4.2,78,78,70,76,0,56,0,46,0,63,0,760,85,,Poison Arrows*,Natural String*,Compact Arrow Shaft*,Snapshot Sights*,,,,,,,,,,
Dreaded Venture,3100452337,"""6917529094354281629""",,Legendary,Sniper Rifle,gambit,706,Kinetic,Range,1,Titan(641),false,true,2,4,,4.4,10,76,49,90,75,40,72,39,4,44,0,0,0,,Aggressive Frame*,Fluted Barrel*,Full Bore,Appended Mag*,Tactical Mag,Ambitious Assassin*,Threat Detector*,Gambit Leather*,Tier 1 Weapon*,,,,,
Vouchsafe,3242168339,"""6917529080288315299""",,Legendary,Scout Rifle,dreaming,594,Void,Stability,10,Titan(641),false,true,2,4,,4.8,11,47,73,60,40,57,200,73,16,80,0,0,0,,Lightweight Frame*,Fluted Barrel*,Flared Magwell*,Dragonfly*,Zen Moment*,Blueshift Dreams*,Masterwork*,Tracker Disabled*,Kill Tracker,Crucible Tracker,,,,
Sins of the Past,3691881271,"""6917529063753413215""",,Legendary,Rocket Launcher,calus,380,Arc,Velocity,5,Titan(641),false,true,1,1,,2.6,17,57,74,0,0,77,15,42,1,70,0,0,0,,High-Impact Frame*,Confined Launch*,Linear Compensator,Smart Drift Control,Cluster Bomb*,Ambitious Assassin,Auto-Loading Holster*,Masterwork Weapon*,,,,,,
The Supremacy,686951703,"""6917529097322842941""",,Legendary,Sniper Rifle,lastwish,750,Kinetic,Handling,3,Hunter(678),false,false,2,4,,5,54,60,77,55,43,62,140,66,5,69,0,0,0,,Rapid-Fire Frame*,Chambered Compensator*,Fluted Barrel,Hammer-Forged Rifling,Ricochet Rounds*,Light Mag,Genesis*,Triple Tap*,Tier 3 Weapon*,,,,,
Long Shadow,3745990145,"""6917529097325079509""",,Legendary,Sniper Rifle,strikes,750,Kinetic,Range,4,Hunter(678),false,false,2,4,,2.8,41,47,59,70,61,48,90,73,4,50,0,0,0,,Adaptive Frame*,ATD Raptor*,ATC Rex,Drop Mag*,Alloy Magazine,Snapshot Sights*,Explosive Payload*,Vanguard Veteran*,Tier 4 Weapon*,,,,,
Go Figure,4138174248,"""6917529097218119824""",,Legendary,Pulse Rifle,,750,Kinetic,Reload Speed,1,Hunter(678),true,false,2,4,,4.2,79,69,40,35,72,61,450,41,48,44,0,0,0,,Aggressive Burst*,King Sight K1*,Dusk Sight D1,Appended Mag*,Flared Magwell,Zen Moment*,Kill Clip*,Distant Earth*,Tier 1 Weapon*,,,,,
Vestian Dynasty,3334276332,"""6917529097262106431""",,Legendary,Sidearm,,750,Arc,Stability,1,Hunter(678),false,false,2,4,,4.4,17,99,90,51,64,43,260,29,12,35,0,0,0,,Precision Frame*,Extended Barrel*,Chambered Compensator,Alloy Magazine*,Armor-Piercing Rounds,Kill Clip*,Dragonfly*,Distant Earth*,Tier 1 Weapon*,,,,,
Nation of Beasts,654370424,"""6917529097264745913""",,Legendary,Hand Cannon,lastwish,750,Arc,Range,1,Hunter(678),false,false,2,4,,4.5,70,95,71,84,42,75,140,50,10,57,0,0,0,,Adaptive Frame*,Arrowhead Brake*,Corkscrew Rifling,Polygonal Rifling,Steady Rounds*,Alloy Magazine,Outlaw*,Triple Tap*,Tier 1 Weapon*,,,,,
Retold Tale,346136302,"""6917529097395035706""",,Legendary,Shotgun,dreaming,731,Void,Stability,5,Hunter(678),false,false,2,4,,4.9,31,64,75,70,82,55,65,29,7,41,0,0,0,,Precision Frame*,Smoothbore*,Smallbore,Extended Mag*,Accurized Rounds,Field Prep*,Rampage*,Burnished Dreams*,Tier 5 Weapon*,,,,,
Twilight Oath,3297863558,"""6917529097367464957""",,Legendary,Sniper Rifle,dreaming,733,Solar,Range,5,Hunter(678),false,false,2,4,,3.4,49,59,70,55,57,42,140,62,5,68,0,0,0,,Rapid-Fire Frame*,Hammer-Forged Rifling*,Polygonal Rifling,Accurized Rounds*,Alloy Magazine,Ambitious Assassin*,Kill Clip*,Burnished Dreams*,Tier 5 Weapon*,,,,,
Twilight Oath,3297863558,"""6917529097397463345""",,Legendary,Sniper Rifle,dreaming,734,Solar,Stability,3,Hunter(678),false,false,2,4,,3.5,48,59,70,55,39,54,140,71,7,73,0,0,0,,Rapid-Fire Frame*,Corkscrew Rifling*,Fluted Barrel,Tactical Mag*,Extended Mag,Firmly Planted*,Dragonfly*,Burnished Dreams*,Tier 3 Weapon*,,,,,
Proelium FR3,3027844940,"""6917529097119379226""",,Legendary,Fusion Rifle,gunsmith,731,Solar,Reload Speed,3,Hunter(678),false,false,2,4,,5,16,45,33,55,34,35,0,53,8,68,540,0,0,,Rapid-Fire Frame*,Candle PS*,Torch HS3,Enhanced Battery*,Particle Repeater,Hip-Fire Grip*,Tap the Trigger*,Tier 3 Weapon*,,,,,,
Sleepless,3740842661,"""6917529097362194131""",,Legendary,Rocket Launcher,dreaming,729,Arc,Handling,1,Hunter(678),false,false,2,4,,5,12,58,72,0,0,67,15,40,1,70,0,0,0,,High-Impact Frame*,Confined Launch*,Linear Compensator,Black Powder*,Impact Casing,Auto-Loading Holster*,Cluster Bomb*,Burnished Dreams*,Tier 1 Weapon*,,,,,
Acantha-D XK8434,1757129747,"""6917529097375946537""",,Legendary,Grenade Launcher,blackarmory,723,Arc,Handling,1,Hunter(678),false,false,2,5,,5,3,80,25,0,0,42,150,36,5,32,0,0,0,,Aggressive Frame*,Confined Launch*,Countermass,Proximity Grenades*,High-Explosive Ordnance,Snapshot Sights*,Genesis*,Refurbished Black Armory*,Tier 1 Weapon*,,,,,
Long Shadow,3745990145,"""6917529094018547540""",,Legendary,Sniper Rifle,strikes,691,Kinetic,Range,2,Hunter(678),false,true,2,4,,1.7,25,47,59,70,65,52,90,55,4,37,0,0,0,,Adaptive Frame*,ATB Long Range*,ATC Rex,Tactical Mag*,Steady Rounds,Hip-Fire Grip*,Rampage*,Vanguard Veteran*,Tier 2 Weapon*,,,,,
Distant Relation,2034817450,"""6917529086152118474""",,Legendary,Scout Rifle,gambit,641,Solar,Stability,1,Hunter(678),true,true,2,4,,4.8,14,58,61,62,56,55,180,45,16,55,0,0,0,,Precision Frame*,Arrowhead Brake*,Fluted Barrel,Accurized Rounds*,Tactical Mag,Zen Moment*,Opening Shot*,Gambit Leather*,Tier 1 Weapon*,,,,,
Thunderlord,3325463374,"""6917529086250901521""",,Exotic,Machine Gun,,648,Arc,,,Hunter(678),true,true,2,4,Festival of the Lost,4.3,84,70,90,41,68,64,450,68,62,46,0,0,0,,Reign Havoc*,Polygonal Rifling*,Armor-Piercing Rounds*,Lightning Rounds*,Feeding Frenzy*,,,,,,,,,
Toil and Trouble,2957367743,"""6917529075249884867""",,Legendary,Shotgun,strikes,529,Kinetic,Range,1,Vault,false,false,2,4,,5,12,59,30,80,45,50,60,42,5,37,0,0,0,,Aggressive Frame*,Smoothbore*,Smallbore,Assault Mag*,Extended Mag,Full Auto Trigger System*,Rampage*,Vanguard Veteran*,Tier 1 Weapon*,,,,,
Smuggler's Word,1843044399,"""6917529094436383934""",,Legendary,Sidearm,,693,Kinetic,Stability,2,Vault,false,false,2,4,,4.8,27,96,82,56,60,49,325,30,25,56,0,0,0,,Aggressive Burst*,QuickDot SAS*,Target SAS,Armor-Piercing Rounds*,High-Caliber Rounds,Outlaw*,Kill Clip*,Glacial Whisper*,Tier 2 Weapon*,,,,,
Beidenhander,516243773,"""6917529058083166214""",,Legendary,Submachine Gun,nm,340,Kinetic,,,Vault,true,false,1,3,,N/A,N/A,94,56,25,66,43,600,11,30,27,0,0,0,,Precision Frame*,SC Holo*,SD Thermal,Extended Mag*,High-Caliber Rounds,Ambitious Assassin*,Masterwork Upgrade*,,,,,,,
Pillager,2653316158,"""6917529094788293707""",,Legendary,Submachine Gun,gambit,737,Kinetic,Handling,5,Vault,false,false,2,4,,4.9,27,97,57,15,39,48,900,19,41,86,0,0,0,,Lightweight Frame*,Arrowhead Brake*,Chambered Compensator,Extended Mag*,Flared Magwell,Outlaw*,Rampage*,Gambit Leather*,Tier 5 Weapon*,,,,,
Death by Scorn,3334276333,"""6917529096112272373""",,Legendary,Sidearm,,723,Void,Stability,2,Vault,false,false,2,4,,4.4,10,91,88,56,61,58,325,30,25,42,0,0,0,,Aggressive Burst*,Shortspec SAS*,Ricochet Rounds*,Headseeker*,Zen Moment,Full Auto Trigger System*,Glacial Whisper*,Tier 2 Weapon*,,,,,,
Translation Theory,1843044398,"""6917529094105267022""",,Legendary,Sidearm,,700,Solar,Range,3,Vault,true,false,2,4,,4.6,5,96,81,49,40,71,300,19,18,68,0,0,0,,Adaptive Frame*,QuickDot SAS*,Tactic SAS,Extended Mag*,Alloy Magazine,Outlaw*,Rampage*,Distant Earth*,Tier 3 Weapon*,,,,,
Edge Transit,218335759,"""6917529078425290748""",,Legendary,Grenade Launcher,,536,Void,Handling,4,Vault,true,false,2,4,,4.7,22,70,62,0,0,39,120,72,6,47,0,0,0,,Adaptive Frame*,Volatile Launch*,Hard Launch,Alloy Casing*,Mini Frags,Auto-Loading Holster*,Rampage*,Distant Earth*,Tier 4 Weapon*,,,,,
Zenobia-D,3776129137,"""6917529094525773101""",,Legendary,Rocket Launcher,gunsmith,687,Arc,Blast Radius,4,Vault,false,false,2,4,,4.8,17,45,61,0,0,74,15,28,1,45,0,0,0,,Häkke Precision Frame*,Confined Launch*,Smart Drift Control,Implosion Rounds*,Impact Casing,Field Prep*,Kill Clip*,Tier 4 Weapon*,,,,,,
Main Ingredient,253196586,"""6917529080291498893""",,Legendary,Fusion Rifle,strikes,549,Arc,Range,2,Vault,false,false,2,4,,5,16,73,59,75,69,54,0,32,5,47,700,0,0,,Precision Frame*,Cleanshot IS*,Red Dot 2 MOA,Red Dot Micro,Accelerated Coils*,Projection Fuse,Auto-Loading Holster*,Rampage*,Vanguard Veteran*,Tier 2 Weapon*,Subatomic Ivory*,,,
Spare Rations,3116356268,"""6917529094456491920""",,Legendary,Hand Cannon,gambitprime,694,Kinetic,Reload Speed,10,Vault,false,false,2,6,,4.9,24,100,92,80,48,50,150,69,14,74,0,0,0,,Lightweight Frame*,Hammer-Forged Rifling*,Appended Mag*,Overflow*,Explosive Payload*,Prime Palette*,Masterwork*,Tracker Disabled*,Kill Tracker,Crucible Tracker,,,,
Antiope-D,566976653,"""6917529047553568396""",,Legendary,Submachine Gun,gunsmith,698,Kinetic,Handling,10,Vault,true,false,1,1,,5,6,90,58,25,75,43,600,36,28,31,0,0,0,,Precision Frame*,GB Iron,SC Holo*,Ricochet Rounds,Tactical Mag*,Kill Clip*,Calus's Selected*,Masterwork Weapon*,,,,,,
Abide the Return,1644160541,"""6917529094578051303""",,Legendary,Sword,dreaming,726,Solar,Impact,1,Vault,false,false,2,4,,4.4,11,0,0,69,46,0,0,0,56,0,0,0,0,,Adaptive Frame*,Jagged Edge*,Tempered Edge,Balanced Guard*,Burst Guard,Relentless Strikes*,En Garde*,Burnished Dreams*,Tier 1 Weapon*,,,,,
Night Watch,3504336176,"""6917529094354272375""",,Legendary,Scout Rifle,gambitprime,679,Kinetic,Stability,3,Vault,false,false,2,6,,4.5,43,57,69,60,57,40,200,76,16,64,0,0,0,,Lightweight Frame*,Full Bore*,Polygonal Rifling,Alloy Magazine,Flared Magwell*,Rapid Hit*,Explosive Payload*,Tier 3 Weapon*,,,,,,
Cerberus+1,1541131350,"""6917529094778752237""",,Exotic,Auto Rifle,,718,Kinetic,,,Vault,false,false,2,4,,3.6,64,86,60,33,32,28,360,42,31,34,0,0,0,,Four-Headed Dog*,Rifled Barrel*,Fluted Barrel*,Full Bore*,Spread Shot Package*,,,,,,,,,
Last Hope,1911843791,"""6917529094578049649""",,Legendary,Sidearm,nessus,702,Arc,,,Vault,false,false,1,1,,1,5,93,70,75,45,100,491,37,27,64,0,0,0,,Omolon Adaptive Frame*,Control SAS*,FarPoint SAS,Ricochet Rounds*,Steady Rounds,Zen Moment*,Masterwork Upgrade*,,,,,,,
Vouchsafe,3242168339,"""6917529094450650523""",,Legendary,Scout Rifle,dreaming,710,Void,Range,2,Vault,false,false,2,4,,4.3,6,47,73,60,42,39,200,86,16,76,0,0,0,,Lightweight Frame*,Arrowhead Brake*,Hammer-Forged Rifling,Drop Mag*,Appended Mag,Full Auto Trigger System*,Outlaw*,Burnished Dreams*,Tier 2 Weapon*,,,,,
Sleepless,3740842661,"""6917529094450642239""",,Legendary,Rocket Launcher,dreaming,710,Arc,Reload Speed,2,Vault,false,false,2,4,,5,8,58,72,0,0,44,15,42,1,69,0,0,0,,High-Impact Frame*,Hard Launch*,Linear Compensator,Black Powder*,High-Velocity Rounds,Kill Clip*,Genesis*,Burnished Dreams*,Tier 2 Weapon*,,,,,
Vertical Orbit QSm,2812672356,"""6917529096618539135""",,Legendary,Sidearm,mercury,380,Kinetic,,,Vault,false,false,1,2,,5,1,92,79,49,42,77,300,35,15,48,0,0,0,,Adaptive Frame*,Target SAS*,QuickDot SAS,FarPoint SAS,Steady Rounds*,Flared Magwell,Triple Tap*,Masterwork Upgrade*,,,,,,
Waking Vigil,334171687,"""6917529094583880245""",,Legendary,Hand Cannon,dreaming,730,Arc,Stability,2,Vault,false,false,2,4,,5,17,98,85,80,38,50,150,42,14,80,0,0,0,,Lightweight Frame*,Fastdraw HCS*,Crossfire HCS,Extended Mag*,Light Mag,Hip-Fire Grip*,Outlaw*,Burnished Dreams*,Tier 2 Weapon*,,,,,
Trackless Waste,2681395357,"""6917529079983967281""",,Legendary,Submachine Gun,tangled,531,Kinetic,Handling,2,Vault,false,false,2,4,,2.5,15,85,52,20,49,54,900,55,34,60,0,0,0,,Adaptive Frame*,Dusk Sight D1*,King Dot K2,Alloy Magazine*,Armor-Piercing Rounds,Threat Detector*,High-Impact Reserves*,Tangled Rust*,Tier 2 Weapon*,,,,,
Nameless Midnight,3040742682,"""6917529080243639864""",,Legendary,Scout Rifle,strikes,559,Kinetic,Handling,4,Vault,false,false,2,4,,1,9,79,62,62,51,49,180,59,17,48,0,0,0,,Precision Frame*,Rifle Scope SSF*,Cleanshot IS,Red Dot 2 MOA,Tactical Mag*,Alloy Magazine,Auto-Loading Holster*,Explosive Payload*,Vanguard Veteran*,Tier 4 Weapon*,,,,
Go Figure,4138174248,"""6917529094507917893""",,Legendary,Pulse Rifle,,697,Kinetic,Reload Speed,1,Vault,false,false,2,4,,4.8,109,69,40,35,81,61,450,23,52,42,0,0,0,,Aggressive Burst*,Devil Scope D2*,Wolf Sight W1,Extended Mag*,Armor-Piercing Rounds,Zen Moment*,Rampage*,Glacial Whisper*,Tier 1 Weapon*,,,,,
Better Devils,153979397,"""6917529085667403683""",,Legendary,Hand Cannon,crucible,633,Kinetic,Stability,1,Vault,true,false,2,4,,3.6,49,88,75,84,55,40,140,73,10,37,0,0,0,,Adaptive Frame*,SteadyHand HCS,Crossfire HCS,Sureshot HCS*,Drop Mag*,Appended Mag,Outlaw*,Kill Clip*,Crucible Legacy*,Tier 1 Weapon*,,,,
Crown-Splitter,1180270694,"""6917529094012510452""",,Legendary,Sword,,659,Void,,,Vault,false,false,1,1,,5,7,0,0,86,64,0,0,0,60,0,0,0,0,,Aggressive Frame*,Tempered Edge*,Enduring Blade,Hungry Edge,Heavy Guard*,Tireless Blade*,Masterwork Upgrade*,,,,,,,
The Last Dance,2009277538,"""6917529094516970513""",,Legendary,Sidearm,strikes,722,Arc,Reload Speed,1,Vault,false,false,2,4,,2,10,97,70,75,39,88,491,36,33,60,0,0,0,,Omolon Adaptive Frame*,Shortspec SAS*,Tactic SAS,FarPoint SAS,Appended Mag*,Flared Magwell,Outlaw*,Rangefinder*,Vanguard Veteran*,Tier 1 Weapon*,,,,
Vouchsafe,3242168339,"""6917529080795621764""",,Legendary,Scout Rifle,dreaming,581,Void,Reload Speed,3,Vault,false,false,2,4,,4.7,6,47,73,60,49,39,200,89,16,58,0,0,0,,Lightweight Frame*,Extended Barrel*,Hammer-Forged Rifling,Drop Mag*,Extended Mag,Ambitious Assassin*,Explosive Payload*,Burnished Dreams*,Tier 3 Weapon*,,,,,
Arsenic Bite-4b,720351795,"""6917529093768939655""",,Legendary,Combat Bow,,611,Arc,Accuracy,1,Vault,false,false,2,4,,4.8,28,51,81,68,0,62,0,64,0,78,0,680,64,,Lightweight Frame*,Agile Bowstring*,Elastic String,Fiberglass Arrow Shaft*,Natural Fletching,Rampage*,Explosive Head*,Glacial Whisper*,Tier 1 Weapon*,,,,,
Foggy Notion,2700862856,"""6917529094578047922""",,Legendary,Submachine Gun,titan,706,Arc,,,Vault,false,false,1,1,,5,2,91,48,20,50,55,900,62,34,67,0,0,0,,Adaptive Frame*,SLO-21 Post*,SLO-10 Post,SPO-26 Front,Flared Magwell*,Ricochet Rounds,Grave Robber*,Masterwork Upgrade*,,,,,,
Play of the Game,195440257,"""6917529078741353359""",,Legendary,Grenade Launcher,crucible,561,Arc,Handling,4,Vault,false,false,2,4,,3.4,47,70,65,0,0,50,120,51,6,39,0,0,0,,Adaptive Frame*,Volatile Launch*,Countermass,Quick Launch,Spike Grenades*,Alloy Casing,Auto-Loading Holster*,Rampage*,Crucible Legacy*,Tier 4 Weapon*,,,,
Vigilance Wing,3628991659,"""6917529094578050518""",,Exotic,Pulse Rifle,,706,Kinetic,,,Vault,false,false,1,1,,2.9,50,79,60,33,68,73,530,46,30,49,0,0,0,,Harsh Truths*,Corkscrew Rifling*,Alloy Magazine*,Last Stand*,Composite Stock*,Book of the Dead,,,,,,,,
Warden's Law,233423981,"""6917529095184165937""",,Legendary,Hand Cannon,nightfall,726,Kinetic,Reload Speed,3,Vault,false,false,2,4,,2.6,37,97,68,92,63,43,110,46,9,34,0,0,0,,Double Fire*,TrueSight HCS*,HitMark HCS,Sureshot HCS,Tactical Mag*,Extended Mag,Zen Moment*,Moving Target*,Vanguard Veteran*,Tier 3 Weapon*,,,,
Badlander,1327264046,"""6917529094581125011""",,Legendary,Shotgun,,711,Arc,Stability,1,Vault,false,false,2,4,,4.9,20,70,66,65,34,54,140,66,8,60,0,0,0,,Rapid-Fire Frame*,Barrel Shroud*,Full Choke,Appended Mag*,Tactical Mag,Slideshot*,Rampage*,Distant Earth*,Tier 1 Weapon*,,,,,
Thin Line,1178886909,"""6917529094922083734""",,Legendary,Hand Cannon,tangled,724,Void,Handling,1,Vault,false,false,2,4,,4.1,13,88,60,92,64,30,110,11,12,44,0,0,0,,Aggressive Frame*,Fastdraw HCS*,Crossfire HCS,Extended Mag*,Light Mag,Quickdraw*,Rampage*,Tangled Rust*,Tier 1 Weapon*,,,,,
Gahlran's Right Hand,1286686760,"""6917529096800278923""",,Legendary,Auto Rifle,calus,750,Kinetic,Range,1,Vault,false,false,2,7,,3,55,85,56,33,88,25,360,39,32,54,0,0,0,,High-Impact Frame*,Arrowhead Brake*,Chambered Compensator,High-Caliber Rounds*,Ricochet Rounds,Outlaw*,Demolitionist*,Imperial Opulence*,Tier 1 Weapon*,,,,,
Twilight Oath,3297863558,"""6917529094583879819""",,Legendary,Sniper Rifle,dreaming,705,Solar,Handling,2,Vault,false,false,2,4,,3.1,36,59,70,55,43,42,140,89,5,61,0,0,0,,Rapid-Fire Frame*,Extended Barrel*,Hammer-Forged Rifling,Drop Mag*,Appended Mag,Rapid Hit*,Outlaw*,Burnished Dreams*,Tier 2 Weapon*,,,,,
The Long Goodbye,2154059444,"""6917529073019903968""",,Legendary,Sniper Rifle,nessus,512,Arc,Range,4,Vault,false,false,2,4,,5,10,62,55,70,62,58,90,32,5,50,0,0,0,,Adaptive Frame*,Corkscrew Rifling*,Full Bore,Smallbore,Extended Mag*,High-Caliber Rounds,Snapshot Sights*,Rampage*,Vanguard Veteran*,Tier 4 Weapon*,,,,
Ace of Spades,347366834,"""6917529078440019385""",,Exotic,Hand Cannon,,554,Kinetic,,,Vault,false,false,2,4,,4.5,251,100,70,84,86,55,140,48,13,55,0,0,0,,Memento Mori*,Corkscrew Rifling*,High-Caliber Rounds*,Firefly*,Smooth Grip*,Last Hand*,,,,,,,,
Distant Relation,2034817450,"""6917529071836748881""",,Legendary,Scout Rifle,gambit,515,Solar,Stability,2,Vault,true,false,2,4,,4.8,19,58,61,62,65,56,180,45,16,37,0,0,0,,Precision Frame*,Extended Barrel*,Polygonal Rifling,Accurized Rounds*,Steady Rounds,Triple Tap*,Explosive Payload*,Gambit Leather*,Tier 2 Weapon*,,,,,
No Turning Back,720351794,"""6917529080786719583""",,Legendary,Combat Bow,,580,Kinetic,Draw Time,5,Vault,false,false,2,4,,5,19,72,66,76,0,44,0,46,0,59,0,780,99,,Precision Frame*,High Tension String*,Fiberglass Arrow Shaft*,Explosive Head*,Snapshot Sights,Hip-Fire Grip*,Distant Earth*,Tier 5 Weapon*,,,,,,
IKELOS_SMG_v1.0.1,1723472487,"""6917529060788720536""",,Legendary,Submachine Gun,ep,380,Void,Reload Speed,10,Vault,false,false,1,3,,5,15,90,42,22,60,45,750,41,30,73,0,0,0,,Aggressive Frame*,Corkscrew Rifling,Fluted Barrel,Smallbore*,Disruption Break*,Seraph Rounds*,Grave Robber,Threat Detector*,Calus's Treasured*,Masterwork Weapon*,,,,
Ether Doctor,1839565992,"""6917529094578050462""",,Legendary,Auto Rifle,tangled,727,Kinetic,Handling,3,Vault,false,false,2,4,,4.9,19,47,61,21,56,50,600,70,41,62,0,0,0,,Adaptive Frame*,Dusk Scope D2*,King Dot K2,Flared Magwell*,Light Mag,Dynamic Sway Reduction*,Slideways*,Tangled Rust*,Tier 3 Weapon*,,,,,
Long Shadow,3745990145,"""6917529080279675535""",,Legendary,Sniper Rifle,strikes,549,Kinetic,Handling,1,Vault,false,false,2,4,,3.6,43,47,59,70,59,61,90,46,4,38,0,0,0,,Adaptive Frame*,ATB Long Range*,ATA Scout,Steady Rounds*,Alloy Magazine,Snapshot Sights*,Explosive Payload*,Vanguard Veteran*,Tier 1 Weapon*,,,,,
The Cut and Run,3501969491,"""6917529097425959091""",,Legendary,Scout Rifle,,722,Arc,Range,5,Vault,false,false,2,4,,5,7,80,37,67,85,36,150,37,15,29,0,0,0,,High-Impact Frame*,Dusk Scope D2*,Dusk Dot D1,Appended Mag*,High-Caliber Rounds,Opening Shot*,Zen Moment*,Distant Earth*,Tier 5 Weapon*,,,,,
Bug-Out Bag,2744715540,"""6917529094589698668""",,Legendary,Submachine Gun,gambitprime,711,Solar,Reload Speed,10,Vault,false,false,2,6,,3.7,22,88,46,20,49,50,900,61,32,57,0,0,0,,Adaptive Frame*,Corkscrew Rifling*,Alloy Magazine*,Slideways*,Multikill Clip*,Prime Palette*,Masterwork*,Tracker Disabled*,Kill Tracker,Crucible Tracker,,,,
Last Man Standing,755130877,"""6917529095292409667""",,Legendary,Shotgun,gambitprime,726,Solar,Reload Speed,3,Vault,false,false,2,6,,4.2,37,47,26,80,42,27,55,41,5,19,0,0,0,,Aggressive Frame*,Rifled Barrel*,Smallbore,Appended Mag*,Tactical Mag,Auto-Loading Holster*,Rampage*,Tier 3 Weapon*,,,,,,
Wrong Side of Right,3957603605,"""6917529080285215235""",,Legendary,Scout Rifle,tangled,589,Kinetic,Stability,2,Vault,false,false,2,4,,4.7,8,70,39,67,81,30,150,32,13,19,0,0,0,,High-Impact Frame*,Wolf Dot W2*,King Dot K2,Accurized Rounds*,Steady Rounds,Auto-Loading Holster*,Rampage*,Tangled Rust*,Tier 2 Weapon*,,,,,
The Cut and Run,3501969491,"""6917529068862865102""",,Legendary,Scout Rifle,,500,Arc,Reload Speed,2,Vault,true,false,2,4,,4.1,10,80,37,67,85,36,150,39,13,29,0,0,0,,High-Impact Frame*,Dusk Scope D2*,Wolf Sight W1,Armor-Piercing Rounds*,Light Mag,Opening Shot*,Rampage*,Distant Earth*,Tier 2 Weapon*,,,,,
Right Side of Wrong,3376406418,"""6917529079995726979""",,Legendary,Pulse Rifle,tangled,593,Solar,Reload Speed,2,Vault,true,false,2,4,,4.8,31,60,49,35,68,68,450,55,44,40,0,0,0,,Aggressive Burst*,Dusk Sight D1*,Wolf Dot W2,Tactical Mag*,Flared Magwell,Outlaw*,High-Impact Reserves*,Tangled Rust*,Tier 2 Weapon*,,,,,
Tatara Gaze,1449922174,"""6917529094922084718""",,Legendary,Sniper Rifle,blackarmory,739,Arc,Handling,4,Vault,false,false,2,5,,5,18,79,45,90,69,44,72,42,3,46,0,0,0,,Aggressive Frame*,Arrowhead Brake*,Hammer-Forged Rifling,Steady Rounds*,Alloy Magazine,Outlaw*,Dragonfly*,New Age Black Armory*,Tier 4 Weapon*,Base Radiance*,,,,
Fate Cries Foul,1684914716,"""6917529073948473270""",,Legendary,Sniper Rifle,crucible,524,Void,Handling,1,Vault,true,false,2,4,,2.9,54,48,60,70,61,47,90,44,5,39,0,0,0,,Adaptive Frame*,Zoom 30 Focus*,Zoom 10 Point,Appended Mag*,Flared Magwell,Rapid Hit*,Rampage*,Crucible Legacy*,Tier 1 Weapon*,,,,,
Trust,4077196130,"""6917529094786124061""",,Legendary,Hand Cannon,gambit,716,Solar,Range,1,Vault,false,false,2,4,,5,69,96,78,78,58,51,180,82,9,37,0,0,0,,Precision Frame*,Full Bore*,Polygonal Rifling,Drop Mag*,Appended Mag,Outlaw*,Rapid Hit*,Gambit Leather*,Tier 1 Weapon*,Credence,,,,
Bad Reputation,2105827099,"""6917529094528821383""",,Legendary,Submachine Gun,,724,Solar,Handling,2,Vault,true,false,2,4,,4.8,11,99,51,25,66,42,600,10,30,21,0,0,0,,Precision Frame*,Wolf Dot W2*,King Dot K2,Extended Mag*,Ricochet Rounds,Genesis*,Outlaw*,Distant Earth*,Tier 2 Weapon*,,,,,
Tarantula,2502422775,"""6917529080448346463""",,Legendary,Linear Fusion Rifle,io,576,Arc,,,Vault,false,false,1,1,,5,4,65,58,41,68,52,0,31,6,32,533,0,0,,Precision Frame*,Hammer-Forged Rifling*,Smallbore,Corkscrew Rifling,Particle Repeater*,Projection Fuse,Snapshot Sights*,Masterwork Upgrade*,,,,,,
Last Perdition,188882152,"""6917529094859791163""",,Legendary,Pulse Rifle,crucible,738,Void,Stability,3,Vault,false,false,2,6,,5,21,63,60,29,54,66,390,30,46,42,0,0,0,,Adaptive Frame*,SRO-37 Ocular*,SPO-57 Front,Extended Mag*,Alloy Magazine,Firmly Planted*,Full Auto Trigger System*,Crucible Legacy*,Tier 3 Weapon*,,,,,
Distant Relation,2034817450,"""6917529094916827397""",,Legendary,Scout Rifle,gambit,741,Solar,Handling,5,Vault,false,false,2,4,,5,16,58,61,62,47,63,180,72,16,50,0,0,0,,Precision Frame*,Polygonal Rifling*,Smallbore,Drop Mag*,Steady Rounds,Outlaw*,Opening Shot*,Gambit Leather*,Tier 5 Weapon*,,,,,
Crooked Fang-4fr,3419149443,"""6917529096079863443""",,Legendary,Linear Fusion Rifle,gunsmith,750,Void,Stability,2,Vault,false,false,2,4,,4.4,10,65,61,44,34,47,0,35,6,32,566,0,0,,Precision Frame*,Chambered Compensator*,Full Bore,Liquid Coils*,Particle Repeater,Threat Detector*,Rampage*,Tier 2 Weapon*,,,,,,
The Wardcliff Coil,1508896098,"""6917529080541621279""",,Exotic,Rocket Launcher,,600,Arc,,,Vault,true,false,1,1,,4.8,53,60,80,0,0,60,60,37,1,82,0,0,0,,Mad Scientist*,Volatile Launch*,Extended Mag*,Mechanized Autoloader*,Composite Stock*,Tesla's Revenge,Dieselpunk,Wardcliff Coil Catalyst*,Upgrade Masterwork,,,,,
Baligant XU7743,3461377698,"""6917529094929599998""",,Legendary,Shotgun,blackarmory,709,Kinetic,Range,1,Vault,false,false,2,5,,5,8,72,28,80,33,42,55,37,5,16,0,0,0,,Aggressive Frame*,Rifled Barrel*,Corkscrew Rifling,Steady Rounds*,Accurized Rounds,Slideshot*,Moving Target*,Refurbished Black Armory*,Tier 1 Weapon*,,,,,
Trinity Ghoul,814876685,"""6917529094578047310""",,Exotic,Combat Bow,,727,Arc,,,Vault,false,false,2,4,,3.8,34,77,74,80,0,50,0,55,0,58,0,840,96,,Split Electron*,High Tension String*,Compact Arrow Shaft*,Lightning Rod*,Tangled Outrider*,,,,,,,,,
The Colony,3899270607,"""6917529072926908317""",,Exotic,Grenade Launcher,,497,Void,Magazine,10,Vault,true,false,1,2,,3.7,26,80,60,0,0,91,140,73,8,86,0,0,0,,Insectoid Robot Grenades*,Linear Compensator*,High-Velocity Rounds*,Serve the Colony*,Composite Stock*,Sneak Attack*,Colony Catalyst*,Upgrade Masterwork,,,,,,
Quickfang,1180270692,"""6917529084903967756""",,Legendary,Sword,,599,Void,,,Vault,false,false,1,1,,2.7,10,0,0,46,28,0,0,0,60,0,0,0,0,,Lightweight Frame*,Jagged Edge*,Honed Edge,Tempered Edge,Swordmaster's Guard*,En Garde*,Masterwork Upgrade*,,,,,,,
Misfit,819441402,"""6917529077133320744""",,Legendary,Auto Rifle,,546,Arc,Stability,1,Vault,true,false,2,4,,4.7,25,54,76,18,44,59,720,35,60,56,0,0,0,,Rapid-Fire Frame*,Devil Scope D2*,Dusk Scope D2,Extended Mag*,Ricochet Rounds,Dynamic Sway Reduction*,Rampage*,Distant Earth*,Tier 1 Weapon*,,,,,
Steel Sybil Z-14,4230993599,"""6917529080730036333""",,Legendary,Sword,crucible,598,Void,Impact,3,Vault,false,false,2,4,,4.7,13,0,0,61,46,0,0,0,66,0,0,0,0,,Adaptive Frame*,Enduring Blade*,Honed Edge,Jagged Edge,Balanced Guard*,Heavy Guard,Relentless Strikes*,Assassin's Blade*,Crucible Legacy*,Tier 3 Weapon*,,,,
Dreaded Venture,3100452337,"""6917529094586924757""",,Legendary,Sniper Rifle,gambit,732,Kinetic,Range,1,Vault,false,false,2,4,,4.5,14,76,49,90,79,44,72,48,3,35,0,0,0,,Aggressive Frame*,Corkscrew Rifling*,Fluted Barrel,Tactical Mag*,Flared Magwell,Triple Tap*,Hip-Fire Grip*,Gambit Leather*,Tier 1 Weapon*,,,,,
Dreaded Venture,3100452337,"""6917529096272688495""",,Legendary,Sniper Rifle,gambit,750,Kinetic,Reload Speed,5,Vault,false,false,2,4,,4.8,11,76,49,90,83,35,72,25,4,22,0,0,0,,Aggressive Frame*,Extended Barrel*,Fluted Barrel,Extended Mag*,Steady Rounds,Rampage*,Hip-Fire Grip*,Gambit Leather*,Tier 5 Weapon*,,,,,
The Spiteful Fang,421573768,"""6917529094922083699""",,Legendary,Combat Bow,blackarmory,740,Kinetic,Accuracy,1,Vault,false,false,2,5,,4.9,21,50,76,68,0,78,0,64,0,74,0,680,54,,Lightweight Frame*,Tactile String*,Polymer String,Compact Arrow Shaft,Natural Fletching*,Archer's Tempo*,Explosive Head*,Satou Tribe*,Tier 1 Weapon*,Base Radiance*,,,,
Outrageous Fortune,4146702548,"""6917529080243635419""",,Legendary,Grenade Launcher,strikes,559,Solar,Reload Speed,1,Vault,false,false,2,4,,4.2,25,57,30,0,0,36,150,29,5,46,0,0,0,,Aggressive Frame*,Quick Launch*,Smart Drift Control,Proximity Grenades*,Black Powder,Auto-Loading Holster*,Rampage*,Vanguard Veteran*,Tier 1 Weapon*,,,,,
Conspirator,3906942101,"""6917529096620752277""",,Legendary,Scout Rifle,calus,380,Solar,,,Vault,false,false,1,1,,4.5,6,55,71,60,50,51,200,60,16,68,0,0,0,,Lightweight Frame*,Smallbore*,Polygonal Rifling,Extended Barrel,Full Auto Trigger System*,Ambitious Assassin,Dragonfly*,Masterwork Upgrade*,,,,,,
Edge Transit,218335759,"""6917529094988872676""",,Legendary,Grenade Launcher,,712,Void,Handling,3,Vault,false,false,2,4,,4.7,19,70,62,0,0,48,120,45,4,46,0,0,0,,Adaptive Frame*,Volatile Launch*,Countermass,High-Explosive Ordnance*,Sticky Grenades,Auto-Loading Holster*,Quickdraw*,Glacial Whisper*,Tier 3 Weapon*,,,,,
Through Fire and Flood,301362381,"""6917529095685501805""",,Legendary,Grenade Launcher,,722,Arc,Velocity,1,Vault,false,false,2,4,,4.2,17,77,69,0,0,69,120,45,6,51,0,0,0,,Adaptive Frame*,Confined Launch*,Smart Drift Control,Spike Grenades*,High-Explosive Ordnance,Rangefinder*,Rampage*,Glacial Whisper*,Tier 1 Weapon*,End of Days,,,,
Nation of Beasts,654370424,"""6917529078225510875""",,Legendary,Hand Cannon,lastwish,524,Arc,Stability,5,Vault,false,false,2,4,,4.5,69,95,71,84,46,75,140,78,10,43,0,0,0,,Adaptive Frame*,Chambered Compensator*,Fluted Barrel,Full Bore,Drop Mag*,Tactical Mag,Ambitious Assassin*,Rampage*,Tier 5 Weapon*,,,,,
Subtle Calamity,3410721600,"""6917529076062790202""",,Legendary,Combat Bow,,507,Void,Stability,1,Vault,true,false,2,4,,5,41,60,70,76,0,65,0,46,0,66,0,760,76,,Precision Frame*,Agile Bowstring*,Natural String,Natural Fletching*,Straight Fletching,Rampage*,Explosive Head*,Glacial Whisper*,Tier 1 Weapon*,,,,,
Ten Paces,2112909415,"""6917529095290064629""",,Legendary,Hand Cannon,,728,Kinetic,Range,1,Vault,false,false,2,4,,2.2,19,87,71,84,59,56,140,46,10,47,0,0,0,,Adaptive Frame*,TrueSight HCS*,Sureshot HCS,Accurized Rounds*,Flared Magwell,Triple Tap*,Timed Payload*,Glacial Whisper*,Tier 1 Weapon*,,,,,
Misfit,819441402,"""6917529095090187868""",,Legendary,Auto Rifle,,747,Arc,Handling,3,Vault,false,false,2,4,,4.7,33,54,76,18,40,58,720,53,51,61,0,0,0,,Rapid-Fire Frame*,King Sight K1*,Dusk Dot D1,High-Caliber Rounds*,Ricochet Rounds,Snapshot Sights*,Rampage*,Distant Earth*,Freehand Grip*,Tier 3 Weapon*,,,,
Long Shadow,3745990145,"""6917529095186381080""",,Legendary,Sniper Rifle,strikes,748,Kinetic,Handling,1,Vault,false,false,2,4,,4.3,45,47,59,70,58,48,90,46,5,51,0,0,0,,Adaptive Frame*,ATD Raptor*,ATA Scout,Appended Mag*,Alloy Magazine,Snapshot Sights*,Rampage*,Vanguard Veteran*,Tier 1 Weapon*,,,,,
Crooked Fang-4fr,3419149443,"""6917529097218117906""",,Legendary,Linear Fusion Rifle,gunsmith,728,Void,Charge Time,1,Vault,false,false,2,4,,4.8,11,65,61,38,34,45,0,35,6,32,496,0,0,,Precision Frame*,Chambered Compensator*,Smallbore,Accelerated Coils*,Liquid Coils,Threat Detector*,Backup Plan*,Tier 1 Weapon*,,,,,,
Through Fire and Flood,301362381,"""6917529097423591639""",,Legendary,Grenade Launcher,,728,Arc,Handling,2,Vault,false,false,2,4,,4.6,16,77,69,0,0,56,120,45,6,67,0,0,0,,Adaptive Frame*,Quick Launch*,Smart Drift Control,Spike Grenades*,Sticky Grenades,Threat Detector*,Ambitious Assassin*,Distant Earth*,Tier 2 Weapon*,End of Days,,,,
The Last Dance,2009277538,"""6917529085693359680""",,Legendary,Sidearm,strikes,637,Arc,Reload Speed,4,Vault,true,false,2,4,,2.4,12,97,70,75,36,90,491,21,36,70,0,0,0,,Omolon Adaptive Frame*,QuickDot SAS*,Shortspec SAS,Tactic SAS,Extended Mag*,Light Mag,Under Pressure*,Kill Clip*,Vanguard Veteran*,Tier 4 Weapon*,,,,
Kindled Orchid,2575506895,"""6917529095302470315""",,Legendary,Hand Cannon,blackarmory,750,Void,Stability,1,Vault,false,false,2,5,,3.3,31,99,76,84,45,61,140,49,12,60,0,0,0,,Adaptive Frame*,Fluted Barrel*,Smallbore,Appended Mag*,Tactical Mag,Surrounded*,Explosive Payload*,New Age Black Armory*,Tier 1 Weapon*,Base Radiance*,,,,
Call to Serve,1885753222,"""6917529085430125043""",,Legendary,Scout Rifle,edz,606,Kinetic,,,Vault,false,false,1,1,,5,3,66,58,62,47,46,180,32,18,60,0,0,0,,Precision Frame*,IS 5 Circle*,Model 8 Red,Mark 15 Lens,Extended Mag*,Appended Mag,Triple Tap*,Masterwork Upgrade*,,,,,,
Persuader,4083045006,"""6917529095186372960""",,Legendary,Sniper Rifle,strikes,748,Void,Range,1,Vault,true,false,2,5,,4.9,19,60,71,55,62,42,140,61,5,58,0,0,0,,Rapid-Fire Frame*,9RECT Telescopic*,50VAL Telescopic,Accurized Rounds*,Steady Rounds,Snapshot Sights*,Ambitious Assassin*,Vanguard Veteran*,Tier 1 Weapon*,,,,,
Ether Doctor,1839565992,"""6917529096337442760""",,Legendary,Auto Rifle,tangled,750,Kinetic,Range,1,Vault,false,false,2,4,,5,11,47,61,21,47,46,600,39,49,74,0,0,0,,Adaptive Frame*,Wolf Sight W1*,Dusk Dot D1,Extended Mag*,Light Mag,Tap the Trigger*,Pulse Monitor*,Tangled Rust*,Tier 1 Weapon*,,,,,
Cup-Bearer SA/2,1877183765,"""6917529097421216093""",,Rare,Rocket Launcher,,727,Solar,,,Vault,false,false,2,4,,1,3,53,55,0,0,33,20,53,1,43,0,0,0,,Adaptive Frame*,Hard Launch*,Linear Compensator,High-Velocity Rounds*,Cluster Bomb*,,,,,,,,,
Dead Man Walking XX7463,3751622019,"""6917529085088004290""",,Legendary,Sidearm,blackarmory,606,Solar,Handling,2,Vault,false,false,2,5,,5,11,98,56,35,29,69,450,68,15,65,0,0,0,,SUROS Rapid-Fire*,Control SAS*,Shortspec SAS,Drop Mag*,Steady Rounds,Quickdraw*,Rangefinder*,Refurbished Black Armory*,Tier 2 Weapon*,,,,,
Trust,4077196130,"""6917529095371465642""",,Legendary,Hand Cannon,gambit,750,Solar,Reload Speed,2,Vault,false,false,2,4,,4.5,74,96,78,78,43,69,180,84,9,37,0,0,0,,Precision Frame*,Chambered Compensator*,Smallbore,Drop Mag*,Alloy Magazine,Snapshot Sights*,Explosive Payload*,Gambit Leather*,Tier 2 Weapon*,Credence,,,,
Bad Omens,991314988,"""6917529080202824369""",,Legendary,Rocket Launcher,gambit,580,Void,Velocity,5,Vault,false,false,2,4,,5,7,76,34,0,0,48,25,74,1,28,0,0,0,,Aggressive Frame*,Confined Launch*,Linear Compensator,High-Velocity Rounds*,Implosion Rounds,Snapshot Sights*,Kill Clip*,Gambit Leather*,Tier 5 Weapon*,,,,,
Translation Theory,1843044398,"""6917529095378824153""",,Legendary,Sidearm,,750,Solar,Stability,1,Vault,false,false,2,4,,4.6,5,96,81,49,42,68,300,19,18,55,0,0,0,,Adaptive Frame*,Tactic SAS*,Target SAS,Extended Mag*,High-Caliber Rounds,Moving Target*,Grave Robber*,Glacial Whisper*,Tier 1 Weapon*,,,,,
Lord of Wolves,3413860063,"""6917529095001214237""",,Exotic,Shotgun,,720,Solar,,,Vault,false,false,2,4,,3.5,219,80,80,68,28,59,640,64,6,46,0,0,0,,Shrapnel Launcher*,Chambered Compensator*,Extended Mag*,Release the Wolves*,Composite Stock*,,,,,,,,,
CALUS Mini-Tool,174192097,"""6917529095373657318""",,Legendary,Submachine Gun,calus,750,Solar,Reload Speed,3,Vault,false,false,2,7,,4.3,53,80,49,15,48,60,900,41,37,68,0,0,0,,MIDA Synergy*,Full Bore,Smallbore*,Alloy Magazine,Armor-Piercing Rounds*,Moving Target*,Feeding Frenzy*,Shadow Gilt*,Tier 3 Weapon*,,,,,
Graviton Lance,3628991658,"""6917529095373658696""",,Exotic,Pulse Rifle,,730,Void,Range,10,Vault,false,false,1,1,,4.9,49,65,60,29,91,100,257,61,31,54,0,0,0,,Black Hole*,Hammer-Forged Rifling*,Accurized Rounds*,Cosmology*,Fitted Stock*,Particle Accelerator,Carina Nebula*,Graviton Lance Catalyst*,Upgrade Masterwork,,,,,
Zenobia-D,3776129137,"""6917529095376252806""",,Legendary,Rocket Launcher,gunsmith,726,Arc,Reload Speed,2,Vault,false,false,2,4,,4.8,22,45,61,0,0,38,15,30,1,59,0,0,0,,Häkke Precision Frame*,Quick Launch*,Smart Drift Control,Black Powder*,Impact Casing,Auto-Loading Holster*,Cluster Bomb*,Tier 2 Weapon*,,,,,,
MIDA Multi-Tool,1331482397,"""6917529095371467585""",,Exotic,Scout Rifle,,730,Kinetic,,,Vault,false,false,1,1,,3.7,55,80,100,60,50,50,200,82,16,86,0,0,0,,MIDA Multi-Tool*,Corkscrew Rifling*,High-Caliber Rounds*,MIDA Radar*,Hand-Laid Stock*,MIDA Tactical,,,,,,,,
Vestian Dynasty,3334276332,"""6917529083876143276""",,Legendary,Sidearm,,578,Arc,Range,1,Vault,false,false,2,4,,4.4,17,99,90,51,65,42,260,29,12,35,0,0,0,,Precision Frame*,Extended Barrel*,Chambered Compensator,Alloy Magazine*,Armor-Piercing Rounds,Kill Clip*,Dragonfly*,Distant Earth*,Tier 1 Weapon*,,,,,
Hard Truths,105567493,"""6917529080459893036""",,Legendary,Submachine Gun,crucible,598,Kinetic,Handling,1,Vault,false,false,2,4,,1,20,80,27,22,50,15,750,28,27,67,0,0,0,,Aggressive Frame*,IS 5 Circle*,Model 6 Loop,Armor-Piercing Rounds*,Light Mag,Under Pressure*,Kill Clip*,Crucible Legacy*,Tier 1 Weapon*,,,,,
Parcel of Stardust,2217366863,"""6917529080541613353""",,Legendary,Shotgun,gambit,599,Kinetic,Reload Speed,2,Vault,false,false,2,4,,5,34,53,52,65,56,59,80,62,6,58,0,0,0,,Lightweight Frame*,Rifled Barrel*,Corkscrew Rifling,Steady Rounds*,Accurized Rounds,Full Auto Trigger System*,Moving Target*,Gambit Leather*,Tier 2 Weapon*,,,,,
Trust,4077196130,"""6917529094351303115""",,Legendary,Hand Cannon,gambit,686,Solar,Handling,3,Vault,false,false,2,4,,5,62,96,78,78,43,60,180,55,11,53,0,0,0,,Precision Frame*,Arrowhead Brake*,Full Bore,Appended Mag*,Extended Mag,Outlaw*,Rapid Hit*,Gambit Leather*,Tier 3 Weapon*,Credence,,,,
Foregone Conclusion,1137768695,"""6917529060481533409""",,Legendary,Auto Rifle,mars,380,Kinetic,Handling,10,Vault,true,false,1,3,,5,9,42,76,18,40,54,720,55,51,65,0,0,0,,Rapid-Fire Frame*,Hitmark IS,Cleanshot IS,Red Dot 2 MOA*,Alloy Magazine,Armor-Piercing Rounds*,High-Impact Reserves*,Calus's Selected*,Masterwork Weapon*,,,,,
Apex Predator,2545083870,"""6917529080240478711""",,Legendary,Rocket Launcher,lastwish,600,Solar,Handling,5,Vault,false,false,2,4,,1,7,61,68,0,0,58,20,59,1,63,0,0,0,,Adaptive Frame*,Countermass*,Hard Launch,Linear Compensator,High-Velocity Rounds*,Impact Casing,Tracking Module*,Snapshot Sights*,Tier 5 Weapon*,,,,,
Age-Old Bond,601592879,"""6917529078143145441""",,Legendary,Auto Rifle,lastwish,540,Void,Handling,4,Vault,false,false,2,4,,4.5,4,79,61,33,100,17,360,41,32,43,0,0,0,,High-Impact Frame*,Chambered Compensator,Full Bore*,Hammer-Forged Rifling,Alloy Magazine,High-Caliber Rounds*,Zen Moment*,Ambitious Assassin*,Tier 4 Weapon*,,,,,
Bygones,2712244741,"""6917529079649226835""",,Legendary,Pulse Rifle,gambit,736,Kinetic,Stability,10,Vault,true,false,2,4,,4.8,114,69,61,29,60,79,390,65,38,51,0,0,0,,Adaptive Frame*,Fluted Barrel,Smallbore*,Appended Mag,Flared Magwell*,Kill Clip*,Outlaw*,Dawning Hope*,Minor Spec*,Masterwork*,Tracker Disabled,Kill Tracker*,Crucible Tracker,
Long Shadow,3745990145,"""6917529095788150135""",,Legendary,Sniper Rifle,strikes,750,Kinetic,Reload Speed,2,Vault,false,false,2,4,,4.1,39,47,59,70,58,48,90,75,4,50,0,0,0,,Adaptive Frame*,ATD Raptor*,ATA Scout,Drop Mag*,Extended Mag,Rapid Hit*,Explosive Payload*,Vanguard Veteran*,Tier 2 Weapon*,,,,,
Go Figure,4138174248,"""6917529079430444996""",,Legendary,Pulse Rifle,,547,Kinetic,Stability,4,Vault,true,false,2,4,,4.8,107,69,40,35,75,65,450,40,40,40,0,0,0,,Aggressive Burst*,Dusk Sight D1*,King Dot K2,Alloy Magazine*,High-Caliber Rounds,Outlaw*,High-Impact Reserves*,Glacial Whisper*,Tier 4 Weapon*,,,,,
Main Ingredient,253196586,"""6917529080240480961""",,Legendary,Fusion Rifle,strikes,558,Arc,Stability,1,Vault,false,false,2,4,,5,15,73,59,80,71,64,0,32,5,44,740,0,0,,Precision Frame*,Cleanshot IS,Red Dot 2 MOA,Red Dot Micro*,Ionized Battery,Particle Repeater*,Under Pressure*,Kill Clip*,Vanguard Metallic*,Tier 1 Weapon*,Subatomic Ivory,,,
Whisper of the Worm,1891561814,"""6917529072923977379""",,Exotic,Sniper Rifle,,725,Solar,Reload Speed,10,Vault,true,false,1,3,,1.5,316,74,39,100,86,42,72,69,3,31,0,0,0,,White Nail*,Polygonal Rifling*,Accurized Rounds*,Mulligan*,Fitted Stock*,Whisper Catalyst*,,,,,,,,
Tractor Cannon,3580904581,"""6917529056543685454""",,Exotic,Shotgun,,380,Void,Magazine,10,Vault,true,false,1,1,,5,90,60,90,65,28,96,80,24,7,42,0,0,0,,Repulsor Force*,Extended Barrel*,Particle Repeater*,The Scientific Method*,Composite Stock*,Under Construction*,Machinist's Trove,Tractor Cannon Catalyst*,Upgrade Masterwork,,,,,
Widow's Bite,3312073055,"""6917529095758339694""",,Legendary,Sniper Rifle,io,732,Void,,,Vault,false,false,1,1,,5,3,60,69,55,32,55,140,60,5,78,0,0,0,,Rapid-Fire Frame*,Arrowhead Brake*,Corkscrew Rifling,Steady Rounds*,Alloy Magazine,Firmly Planted*,Masterwork Upgrade*,,,,,,,
Swift Ride XE8375,1386601612,"""6917529095758336768""",,Legendary,Pulse Rifle,blackarmory,727,Arc,Stability,1,Vault,false,false,2,5,,3.5,14,70,65,29,53,67,390,55,40,50,0,0,0,,Adaptive Frame*,SPO-28 Front*,SPO-26 Front,Tactical Mag*,Flared Magwell,Ambitious Assassin*,High-Impact Reserves*,Refurbished Black Armory*,Tier 1 Weapon*,,,,,
Duke Mk. 44,2112909414,"""6917529096083070937""",,Legendary,Hand Cannon,,728,Kinetic,Stability,4,Vault,true,false,2,4,,4.9,92,90,64,92,72,44,110,37,9,50,0,0,0,,Aggressive Frame*,Fastdraw HCS*,TrueSight HCS,Crossfire HCS,Outlaw*,Armor-Piercing Rounds*,High-Caliber Rounds,Ricochet Rounds,Rampage*,Glacial Whisper*,Tier 4 Weapon*,,,
Hoosegow XE5837,2817798849,"""6917529094929592093""",,Legendary,Rocket Launcher,blackarmory,711,Solar,Handling,4,Vault,false,false,2,5,,5,4,80,63,0,0,47,20,77,1,57,0,0,0,,Adaptive Frame*,Countermass*,Linear Compensator,Smart Drift Control,Alloy Casing*,High-Velocity Rounds,Rangefinder*,Cluster Bomb*,Refurbished Black Armory*,Tier 4 Weapon*,,,,
Service Revolver,834081972,"""6917529096404277267""",,Legendary,Hand Cannon,strikes,750,Kinetic,Stability,5,Vault,false,false,2,6,,5,60,88,67,78,43,61,180,37,9,38,0,0,0,,Precision Frame*,HitMark HCS*,Crossfire HCS,Alloy Magazine*,High-Caliber Rounds,Moving Target*,Kill Clip*,Vanguard Veteran*,Tier 5 Weapon*,,,,,
Right Side of Wrong,3376406418,"""6917529096334428427""",,Legendary,Pulse Rifle,tangled,750,Solar,Range,1,Vault,false,false,2,4,,4.9,23,60,49,35,75,64,450,26,52,42,0,0,0,,Aggressive Burst*,Devil Scope D2*,Dusk Scope D2,Extended Mag*,Flared Magwell,Hip-Fire Grip*,Rampage*,Tangled Rust*,Tier 1 Weapon*,,,,,
Thin Line,1178886909,"""6917529096272688381""",,Legendary,Hand Cannon,tangled,750,Void,Handling,4,Vault,false,false,2,4,,4.1,11,88,60,92,68,43,110,29,9,42,0,0,0,,Aggressive Frame*,SteadyHand HCS*,Sureshot HCS,Ricochet Rounds*,Flared Magwell,Auto-Loading Holster*,Snapshot Sights*,Tangled Rust*,Tier 4 Weapon*,,,,,
Steel Sybil Z-14,4230993599,"""6917529095534321182""",,Legendary,Sword,crucible,750,Void,Impact,1,Vault,false,false,2,4,,4.7,14,0,0,62,46,0,0,0,63,0,0,0,0,,Adaptive Frame*,Hungry Edge*,Enduring Blade,Honed Edge,Enduring Guard*,Heavy Guard,Relentless Strikes*,En Garde*,Crucible Legacy*,Tier 1 Weapon*,,,,
Anonymous Autumn,3222518097,"""6917529068900184083""",,Legendary,Sidearm,crucible,511,Solar,Handling,1,Vault,false,false,2,4,,4.6,9,99,67,43,36,63,360,50,15,78,0,0,0,,Lightweight Frame*,QuickDot SAS*,Target SAS,Ricochet Rounds*,Flared Magwell,Outlaw*,Opening Shot*,Crucible Legacy*,Tier 1 Weapon*,,,,,
Bad Reputation,2105827099,"""6917529097425953242""",,Legendary,Submachine Gun,,725,Solar,Handling,4,Vault,false,false,2,4,,5,10,99,51,25,64,42,600,10,30,28,0,0,0,,Precision Frame*,King Dot K2*,Dusk Dot D1,Extended Mag*,High-Caliber Rounds,Zen Moment*,High-Impact Reserves*,Glacial Whisper*,Tier 4 Weapon*,,,,,
Zenobia-D,3776129137,"""6917529096404277937""",,Legendary,Rocket Launcher,gunsmith,750,Arc,Handling,1,Vault,false,false,2,4,,4.8,18,45,61,0,0,51,15,28,1,46,0,0,0,,Häkke Precision Frame*,Confined Launch*,Smart Drift Control,Black Powder*,Implosion Rounds,Rangefinder*,Kill Clip*,Tier 1 Weapon*,,,,,,
The Ringing Nail,93253474,"""6917529084456959870""",,Legendary,Auto Rifle,blackarmory,621,Solar,Reload Speed,3,Vault,false,false,2,5,,5,19,69,37,29,67,56,450,68,32,63,0,0,0,,Precision Frame*,Rasmussen ISA*,Meyrin RDS,Extended Mag,Flared Magwell*,Under Pressure*,Kill Clip*,Rasmussen Clan*,Tier 3 Weapon*,Base Radiance*,,,,
Arsenic Bite-4b,720351795,"""6917529096772572675""",,Legendary,Combat Bow,,721,Arc,Stability,3,Vault,false,false,2,4,,4.9,21,51,81,68,0,74,0,64,0,73,0,640,49,,Lightweight Frame*,Flexible String*,Polymer String,Carbon Arrow Shaft*,Compact Arrow Shaft,Rampage*,Archer's Tempo*,Distant Earth*,Tier 3 Weapon*,,,,,
No Feelings,1931556011,"""6917529096775518187""",,Legendary,Scout Rifle,,722,Arc,Handling,2,Vault,false,false,2,5,,5,11,76,66,62,60,50,180,77,16,48,0,0,0,,Precision Frame*,Meyrin RDL*,Satou Precision Lens,Drop Mag*,Tactical Mag,Triple Tap*,Explosive Payload*,New Age Black Armory*,Tier 2 Weapon*,Base Radiance*,,,,
Alone as a god,3380742308,"""6917529096620752519""",,Legendary,Sniper Rifle,calus,380,Kinetic,Reload Speed,10,Vault,false,false,1,1,,5,21,57,79,55,44,47,140,74,5,74,0,0,0,,Rapid-Fire Frame*,Corkscrew Rifling*,Smallbore,Arrowhead Brake,Triple Tap*,Ambitious Assassin,Snapshot Sights*,Masterwork Weapon*,,,,,,
Persuader,4083045006,"""6917529094105269730""",,Legendary,Sniper Rifle,strikes,696,Void,Reload Speed,1,Vault,true,false,2,5,,4.9,19,60,71,55,52,42,140,62,7,58,0,0,0,,Rapid-Fire Frame*,9RECT Telescopic*,50VAL Telescopic,Appended Mag*,Flared Magwell,Snapshot Sights*,Moving Target*,Vanguard Veteran*,Tier 1 Weapon*,,,,,
Wishbringer,3356526253,"""6917529084220074474""",,Legendary,Shotgun,crucible,582,Solar,Reload Speed,1,Vault,false,false,2,5,,2.2,29,43,68,65,46,42,140,63,7,25,0,0,0,,Rapid-Fire Frame*,Rifled Barrel*,Corkscrew Rifling,Tactical Mag*,Accurized Rounds,Grave Robber*,Snapshot Sights*,Crucible Legacy*,Tier 1 Weapon*,,,,,
Bygones,2712244741,"""6917529096715737542""",,Legendary,Pulse Rifle,gambit,750,Kinetic,Handling,1,Vault,false,false,2,4,,4.8,111,69,61,29,53,64,390,33,46,66,0,0,0,,Adaptive Frame*,Fluted Barrel*,Smallbore,Extended Mag*,Ricochet Rounds,Rampage*,Full Auto Trigger System*,Gambit Leather*,Tier 1 Weapon*,,,,,
Horror Story,3829285960,"""6917529079461712070""",,Legendary,Auto Rifle,,600,Kinetic,Reload Speed,10,Vault,false,false,2,4,Festival of the Lost,3.3,19,73,35,29,69,50,450,69,32,50,0,0,0,,Precision Frame*,Red Dot Micro*,Flared Magwell*,Zen Moment*,Rampage*,Praetorian Visage*,Minor Spec*,Masterwork*,Tracker Disabled,Kill Tracker*,Crucible Tracker,,,
Subtle Calamity,3410721600,"""6917529097252549476""",,Legendary,Combat Bow,,722,Void,Accuracy,4,Vault,false,false,2,4,,5,42,60,70,76,0,60,0,46,0,66,0,760,82,,Precision Frame*,Agile Bowstring*,Elastic String,Carbon Arrow Shaft*,Compact Arrow Shaft,Rampage*,Archer's Tempo*,Glacial Whisper*,Tier 4 Weapon*,,,,,
Nox Cordis II,3441197112,"""6917529096644803728""",,Rare,Fusion Rifle,,724,Arc,,,Vault,false,false,2,4,,5,1,46,29,60,26,32,0,48,6,64,580,0,0,,Rapid-Fire Frame*,Quickdraw IS*,TrueSight IS,Liquid Coils*,Rampage*,,,,,,,,,
Tigerspite,640114618,"""6917529075311368597""",,Legendary,Auto Rifle,dreaming,750,Kinetic,Reload Speed,10,Vault,true,false,2,4,,4.5,41,68,44,29,77,53,450,64,33,46,0,0,0,,Precision Frame*,Chambered Compensator,Smallbore*,Flared Magwell,Light Mag*,Outlaw*,Kill Clip*,Monochromatic*,Minor Spec*,Masterwork*,Tracker Disabled,Kill Tracker*,Crucible Tracker,
Trust,4077196130,"""6917529096275483867""",,Legendary,Hand Cannon,gambit,734,Solar,Range,2,Vault,false,false,2,4,,5,77,96,78,78,50,65,180,37,12,46,0,0,0,,Precision Frame*,Corkscrew Rifling*,Hammer-Forged Rifling,Extended Mag*,Steady Rounds,Outlaw*,Explosive Payload*,Gambit Leather*,Tier 2 Weapon*,Credence,,,,
The Cut and Run,3501969491,"""6917529096410587432""",,Legendary,Scout Rifle,,723,Arc,Reload Speed,4,Vault,false,false,2,4,,5,4,80,37,67,85,45,150,41,13,29,0,0,0,,High-Impact Frame*,Dusk Scope D2*,Wolf Dot W2,Ricochet Rounds*,Flared Magwell,Outlaw*,Genesis*,Distant Earth*,Tier 4 Weapon*,,,,,
Future Safe 10,1490571337,"""6917529096340446633""",,Legendary,Sword,mercury,380,Solar,,,Vault,false,false,1,2,,5,2,0,0,68,46,0,0,0,56,0,0,0,0,,Adaptive Frame*,Jagged Edge*,Hungry Edge,Burst Guard*,Balanced Guard,En Garde*,Masterwork Upgrade*,,,,,,,
Thunderlord,3325463374,"""6917529096275489129""",,Exotic,Machine Gun,,730,Arc,,,Vault,false,false,2,4,Festival of the Lost,4.3,84,70,90,41,68,64,450,68,62,46,0,0,0,,Reign Havoc*,Polygonal Rifling*,Armor-Piercing Rounds*,Lightning Rounds*,Feeding Frenzy*,,,,,,,,,
Threat Level,1664372054,"""6917529096775521176""",,Legendary,Shotgun,,750,Kinetic,Handling,1,Vault,false,false,2,5,,4.9,68,66,74,65,37,54,140,68,8,59,0,0,0,,Rapid-Fire Frame*,Barrel Shroud*,Corkscrew Rifling,Appended Mag*,Tactical Mag,Moving Target*,Air Assault*,New Age Black Armory*,Tier 1 Weapon*,Base Radiance*,,,,
Edge Transit,218335759,"""6917529096404272571""",,Legendary,Grenade Launcher,,730,Void,Velocity,1,Vault,false,false,2,4,,4.8,25,70,62,0,0,66,120,45,6,57,0,0,0,,Adaptive Frame*,Countermass*,Linear Compensator,Spike Grenades*,High-Velocity Rounds,Rangefinder*,Rampage*,Distant Earth*,Targeting Adjuster*,Tier 1 Weapon*,,,,
Edge Transit,218335759,"""6917529096471407319""",,Legendary,Grenade Launcher,,731,Void,Velocity,4,Vault,false,false,2,4,,4.5,19,70,62,0,0,61,120,45,4,48,0,0,0,,Adaptive Frame*,Confined Launch*,Quick Launch,High-Explosive Ordnance*,Mini Frags,Rangefinder*,Quickdraw*,Glacial Whisper*,Tier 4 Weapon*,,,,,
Smuggler's Word,1843044399,"""6917529079441793480""",,Legendary,Sidearm,,516,Kinetic,Stability,2,Vault,true,false,2,4,,4.8,32,96,82,56,60,49,325,30,25,56,0,0,0,,Aggressive Burst*,QuickDot SAS*,Control SAS,Armor-Piercing Rounds*,Light Mag,Outlaw*,Rampage*,Distant Earth*,Tier 2 Weapon*,,,,,
Oxygen SR3,3907337522,"""6917529096523542838""",,Legendary,Scout Rifle,strikes,750,Solar,Range,10,Vault,false,false,2,6,,1.1,101,60,67,62,68,60,180,50,16,47,0,0,0,,Precision Frame*,Polygonal Rifling*,Accurized Rounds*,Dragonfly*,Meganeura*,Masterwork*,Tracker Disabled*,Kill Tracker,Crucible Tracker,,,,,
Tempered Dynamo,2753269585,"""6917529096778153684""",,Legendary,Fusion Rifle,,750,Arc,Reload Speed,3,Vault,false,false,2,5,,4,24,80,65,75,59,52,0,34,5,47,700,0,0,,Precision Frame*,Rasmussen ISA*,Meyrin RDL,Accelerated Coils*,Enhanced Battery,Opening Shot*,Auto-Loading Holster*,New Age Black Armory*,Tier 3 Weapon*,Base Radiance*,,,,
Emperor's Courtesy,3861448240,"""6917529096780788467""",,Legendary,Shotgun,calus,731,Arc,Handling,2,Vault,false,false,2,7,,4.4,35,60,50,65,62,52,80,73,7,61,0,0,0,,Lightweight Frame*,Rifled Barrel*,Barrel Shroud,Tactical Mag*,Extended Mag,Field Prep*,Rampage*,Imperial Opulence*,Tier 2 Weapon*,,,,,
Bellowing Giant,2186258845,"""6917529096775516674""",,Legendary,Rocket Launcher,,750,Void,Velocity,2,Vault,false,false,2,5,,1,4,70,63,0,0,36,20,78,1,50,0,0,0,,Adaptive Frame*,Hard Launch*,Linear Compensator,Alloy Casing*,High-Velocity Rounds,Quickdraw*,Moving Target*,New Age Black Armory*,Tier 2 Weapon*,Base Radiance*,,,,
Edge Transit,218335759,"""6917529096775517423""",,Legendary,Grenade Launcher,,750,Void,Reload Speed,1,Vault,false,false,2,4,,4.8,22,70,62,0,0,57,120,46,6,43,0,0,0,,Adaptive Frame*,Volatile Launch*,Countermass,Thermoplastic Grenades*,Proximity Grenades,Auto-Loading Holster*,Rampage*,Glacial Whisper*,Tier 1 Weapon*,,,,,
Ten Paces,2112909415,"""6917529096987907776""",,Legendary,Hand Cannon,,726,Kinetic,Handling,3,Vault,false,false,2,4,,1.6,19,87,71,84,46,62,140,46,12,56,0,0,0,,Adaptive Frame*,SteadyHand HCS*,HitMark HCS,Appended Mag*,Flared Magwell,Slideshot*,Opening Shot*,Glacial Whisper*,Tier 3 Weapon*,,,,,
Long Shadow,3745990145,"""6917529096410587453""",,Legendary,Sniper Rifle,strikes,750,Kinetic,Range,1,Vault,false,false,2,4,,3.3,36,47,59,70,73,48,90,46,4,37,0,0,0,,Adaptive Frame*,ATB Long Range*,ATD Raptor,Accurized Rounds*,Tactical Mag,Snapshot Sights*,Ambitious Assassin*,Vanguard Veteran*,Tier 1 Weapon*,,,,,
Go Figure,4138174248,"""6917529095299726509""",,Legendary,Pulse Rifle,,750,Kinetic,Stability,4,Vault,true,false,2,4,,4.8,110,69,40,35,86,65,450,40,40,42,0,0,0,,Aggressive Burst*,Devil Scope D2*,Wolf Dot W2,Armor-Piercing Rounds*,High-Caliber Rounds,Outlaw*,Full Auto Trigger System*,Glacial Whisper*,Tier 4 Weapon*,,,,,
Pribina-D,4211534763,"""6917529097114777864""",,Legendary,Hand Cannon,gunsmith,731,Kinetic,Stability,1,Vault,false,false,2,4,,4.8,9,80,63,92,60,30,110,44,8,39,0,0,0,,Aggressive Frame*,Fastdraw HCS*,SteadyHand HCS,Tactical Mag*,Flared Magwell,Threat Detector*,Kill Clip*,Tier 1 Weapon*,,,,,,
Tempered Dynamo,2753269585,"""6917529096922019455""",,Legendary,Fusion Rifle,,750,Arc,Charge Time,1,Vault,false,false,2,5,,5,22,80,65,80,59,52,0,14,7,47,736,0,0,,Precision Frame*,Rasmussen ISA*,Meyrin RDS,Ionized Battery*,Particle Repeater,Backup Plan*,Disruption Break*,New Age Black Armory*,Tier 1 Weapon*,Base Radiance*,,,,
Dust Rock Blues,636912560,"""6917529075396087115""",,Legendary,Shotgun,tangled,520,Kinetic,Handling,3,Vault,true,false,2,4,,3.8,71,64,75,70,75,61,65,56,6,43,0,0,0,,Precision Frame*,Smallbore*,Corkscrew Rifling,Tactical Mag*,Extended Mag,Threat Detector*,Rampage*,Tangled Rust*,Tier 3 Weapon*,,,,,
The Last Dance,2009277538,"""6917529096985563674""",,Legendary,Sidearm,strikes,750,Arc,Reload Speed,2,Vault,false,false,2,4,,4.8,17,97,70,75,36,90,491,19,36,70,0,0,0,,Omolon Adaptive Frame*,QuickDot SAS*,Target SAS,FarPoint SAS,Extended Mag*,High-Caliber Rounds,Outlaw*,Rangefinder*,Vanguard Veteran*,Tier 2 Weapon*,,,,
Avalanche,66875353,"""6917529085766823283""",,Legendary,Machine Gun,,618,Solar,Handling,1,Vault,false,false,2,5,The Dawning,3.6,17,70,90,41,62,50,450,73,57,35,0,0,0,,Adaptive Frame*,SRO-41 Ocular*,SPO-28 Front,Flared Magwell*,Light Mag,Feeding Frenzy*,Firmly Planted*,Tier 1 Weapon*,,,,,,
Vouchsafe,3242168339,"""6917529097066993663""",,Legendary,Scout Rifle,dreaming,750,Void,Handling,2,Vault,false,false,2,4,,4.9,14,47,73,60,40,57,200,60,16,73,0,0,0,,Lightweight Frame*,Corkscrew Rifling*,Smallbore,Steady Rounds*,Flared Magwell,Auto-Loading Holster*,Dragonfly*,Burnished Dreams*,Tier 2 Weapon*,,,,,
Outrageous Fortune,4146702548,"""6917529096987908198""",,Legendary,Grenade Launcher,strikes,750,Solar,Blast Radius,2,Vault,true,false,2,4,,5,21,57,30,0,0,36,150,28,5,42,0,0,0,,Aggressive Frame*,Countermass*,Quick Launch,Black Powder*,Mini Frags,Snapshot Sights*,Ambitious Assassin*,Vanguard Veteran*,Tier 2 Weapon*,,,,,
Bad Omens,991314988,"""6917529097042325631""",,Legendary,Rocket Launcher,gambit,750,Void,Handling,4,Vault,false,false,2,4,,5,8,76,34,0,0,16,25,92,1,32,0,0,0,,Aggressive Frame*,Hard Launch*,Linear Compensator,Alloy Casing*,Implosion Rounds,Field Prep*,Kill Clip*,Gambit Leather*,Tier 4 Weapon*,,,,,
Sleepless,3740842661,"""6917529097397470945""",,Legendary,Rocket Launcher,dreaming,731,Arc,Handling,2,Vault,false,false,2,4,,5,10,58,72,0,0,67,15,40,1,71,0,0,0,,High-Impact Frame*,Confined Launch*,Hard Launch,Black Powder*,Impact Casing,Field Prep*,Cluster Bomb*,Burnished Dreams*,Tier 2 Weapon*,,,,,
Tango-45 XK5094,20025671,"""6917529084279987042""",,Legendary,Scout Rifle,blackarmory,596,Solar,Range,1,Vault,false,false,2,5,,5,5,69,65,62,59,50,180,44,18,45,0,0,0,,Precision Frame*,SRO-41 Ocular*,SLO-12 Post,SPO-26 Front,Appended Mag*,Alloy Magazine,Hip-Fire Grip*,Dragonfly*,Refurbished Black Armory*,Tier 1 Weapon*,,,,
Parsec TSu,3662200190,"""6917529097456087358""",,Rare,Fusion Rifle,,380,Solar,,,Vault,false,false,1,1,,N/A,N/A,64,55,95,57,36,0,24,4,31,860,0,0,,High-Impact Frame*,TrueSight IS*,Fastdraw IS,Particle Repeater*,Field Prep*,,,,,,,,,
Terran Wind,301362380,"""6917529085673626744""",,Legendary,Grenade Launcher,,618,Solar,Reload Speed,4,Vault,false,false,2,4,,1.1,5,80,30,0,0,42,150,36,3,42,0,0,0,,Aggressive Frame*,Countermass*,Remote Detonation*,Augmented Drum,Quickdraw*,Rampage*,Glacial Whisper*,Tier 4 Weapon*,,,,,,
Hard Truths,105567493,"""6917529097114780675""",,Legendary,Submachine Gun,crucible,750,Kinetic,Stability,2,Vault,false,false,2,4,,1,17,80,27,22,50,17,750,28,27,61,0,0,0,,Aggressive Frame*,IS 2 Classic*,Model 6 Loop,Alloy Magazine*,Armor-Piercing Rounds,Pulse Monitor*,Tap the Trigger*,Crucible Legacy*,Tier 2 Weapon*,,,,,
Go Figure,4138174248,"""6917529097117115309""",,Legendary,Pulse Rifle,,750,Kinetic,Reload Speed,4,Vault,false,false,2,4,,4.4,49,69,40,35,84,61,450,25,52,27,0,0,0,,Aggressive Burst*,Dusk Scope D2*,Wolf Dot W2,Extended Mag*,Alloy Magazine,Moving Target*,Kill Clip*,Distant Earth*,Tier 4 Weapon*,,,,,
Does Not Compute,2278995296,"""6917529097119373720""",,Legendary,Scout Rifle,crucible,750,Kinetic,Reload Speed,3,Vault,false,false,2,5,,4.3,8,80,39,67,69,24,150,73,12,44,0,0,0,,High-Impact Frame*,Red Dot 2 MOA*,Red Dot Micro,Drop Mag*,Steady Rounds,High-Impact Reserves*,Opening Shot*,Crucible Legacy*,Tier 3 Weapon*,,,,,
Vestian Dynasty,3334276332,"""6917529097119372480""",,Legendary,Sidearm,,750,Arc,Stability,1,Vault,false,false,2,4,,4.4,17,99,90,51,64,43,260,29,12,35,0,0,0,,Precision Frame*,Extended Barrel*,Chambered Compensator,Alloy Magazine*,Armor-Piercing Rounds,Kill Clip*,Dragonfly*,Distant Earth*,Tier 1 Weapon*,,,,,
Badlander,1327264046,"""6917529097119377281""",,Legendary,Shotgun,,750,Arc,Stability,1,Vault,false,false,2,4,,4.7,11,70,66,65,43,45,140,48,8,38,0,0,0,,Rapid-Fire Frame*,Rifled Barrel*,Smallbore,Extended Mag*,Steady Rounds,Field Prep*,Snapshot Sights*,Glacial Whisper*,Tier 1 Weapon*,,,,,
Arsenic Bite-4b,720351795,"""6917529097119373628""",,Legendary,Combat Bow,,750,Arc,Stability,4,Vault,false,false,2,4,,4.8,28,51,81,68,0,84,0,64,0,64,0,680,56,,Lightweight Frame*,Tactile String*,High Tension String,Carbon Arrow Shaft*,Fiberglass Arrow Shaft,Snapshot Sights*,Explosive Head*,Distant Earth*,Tier 4 Weapon*,,,,,
Abide the Return,1644160541,"""6917529097095144774""",,Legendary,Sword,dreaming,722,Solar,Impact,1,Vault,false,false,2,4,,5,10,0,0,59,46,0,0,0,67,0,0,0,0,,Adaptive Frame*,Enduring Blade*,Honed Edge,Balanced Guard*,Heavy Guard,Tireless Blade*,Assassin's Blade*,Burnished Dreams*,Tier 1 Weapon*,,,,,
Rose,2429822976,"""6917529096398072698""",,Legendary,Hand Cannon,,722,Kinetic,Range,1,Vault,true,false,2,7,,4.1,83,95,85,80,53,55,150,60,11,76,0,0,0,,Lightweight Frame*,Chambered Compensator*,Accurized Rounds*,Outlaw*,Polymer Grip*,Tier 1 Weapon*,,,,,,,,
Good Bone Structure,64236626,"""6917529097119373933""",,Legendary,Shotgun,gunsmith,731,Arc,Stability,2,Vault,true,false,2,4,,5,11,52,35,70,55,70,65,46,6,83,0,0,0,,Precision Frame*,Fluted Barrel*,Smallbore,Steady Rounds*,Light Mag,Outlaw*,Rampage*,Tier 2 Weapon*,,,,,,
Midnight Coup,1128225405,"""6917529059563225934""",,Legendary,Hand Cannon,calus,750,Kinetic,Magazine,10,Vault,true,false,1,1,,4.7,108,80,90,80,43,52,150,60,13,64,0,0,0,,Lightweight Frame*,Smallbore*,Corkscrew Rifling,Extended Barrel,Rampage*,Ambitious Assassin,Outlaw*,Masterwork Weapon*,,,,,,
The Emperor's Envy,4288031461,"""6917529096517060408""",,Legendary,Fusion Rifle,calus,750,Void,,,Vault,false,false,1,3,,1,3,77,56,85,60,53,0,34,6,33,780,0,0,,Precision Frame*,Projection Fuse,Liquid Coils*,Ionized Battery,Moving Target*,Ambitious Assassin,Rampage*,Masterwork Upgrade*,,,,,,
Sins of the Past,3691881271,"""6917529047083139647""",,Legendary,Rocket Launcher,calus,750,Void,Velocity,5,Vault,true,false,1,1,,2.6,17,57,74,0,0,68,15,42,1,70,0,0,0,,High-Impact Frame*,Confined Launch,Linear Compensator*,Smart Drift Control,Cluster Bomb*,Ambitious Assassin,Auto-Loading Holster*,Masterwork Weapon*,,,,,,
Apex Predator,2545083870,"""6917529097193022273""",,Legendary,Rocket Launcher,lastwish,750,Solar,Handling,1,Vault,false,false,2,4,,1,7,61,68,0,0,44,20,77,1,50,0,0,0,,Adaptive Frame*,Linear Compensator*,Quick Launch,Smart Drift Control,Alloy Casing*,Black Powder,Ambitious Assassin*,Auto-Loading Holster*,Tier 1 Weapon*,,,,,
Zenobia-D,3776129137,"""6917529097267308032""",,Legendary,Rocket Launcher,gunsmith,722,Arc,Reload Speed,2,Vault,false,false,2,4,,4.6,20,45,61,0,0,47,15,57,1,54,0,0,0,,Häkke Precision Frame*,Countermass*,Hard Launch,Alloy Casing*,High-Velocity Rounds,Field Prep*,Quickdraw*,Tier 2 Weapon*,,,,,,
Edge Transit,218335759,"""6917529097345894442""",,Legendary,Grenade Launcher,,727,Void,Handling,1,Vault,false,false,2,4,,4.8,19,70,62,0,0,57,120,45,6,58,0,0,0,,Adaptive Frame*,Countermass*,Hard Launch,Proximity Grenades*,High-Velocity Rounds,Threat Detector*,Ambitious Assassin*,Glacial Whisper*,Radar Tuner*,Tier 1 Weapon*,,,,
The Cut and Run,3501969491,"""6917529097371362660""",,Legendary,Scout Rifle,,730,Arc,Range,2,Vault,false,false,2,4,,2.5,5,80,37,67,73,36,150,19,16,42,0,0,0,,High-Impact Frame*,Dusk Sight D1*,Dusk Dot D1,Extended Mag*,Alloy Magazine,Moving Target*,Firmly Planted*,Glacial Whisper*,Tier 2 Weapon*,,,,,